Employee_ID,First_Name,Last_Name,Age,Gender
1,CoraAnn,Blink,66,Female
5,Clara,Clarkson,66,Female
10,Miles,Harsh,64,Male
16,Melissa,Cleric,34,Female
22,Thomas,Gingham,42,Male
34,Kent,Cummin,23,Male
47,Keith,Martini,32,Male
52,Marcus,Riddle,50,Male
68,Rachel,Ding,54,Female
71,Taylor,Lewey,43,Female
83,Jackson,Swiss,24,Male
94,Kassie,Sherock,35,Female
100,Riviera,Arlington,25,Female
111,Andrea,Knight,52,Female
128,Mark,Wolf,49,Male
132,Jane,Kratt,37,Female
145,Aria,Stoneman,42,Female
152,Alex,Payne,37,Male
166,Deanna,Cheek,36,Female
173,Jessica,Fendi,38,Female
189,Amy,Walker,20,Female
198,Heidi,Pack,27,Female
208,Kelsey,Varner,61,Female
212,Dorothy,Bernard,46,Female
226,Gail,Abbey,33,Female
234,Fred,Jones,41,Male
246,Kari,Farywell,36,Female
251,Carole,Morrison,33,Female
264,Tina,Jung,32,Female
277,Petunia,Johnson,39,Female
280,George,Pellot,26,Male
293,Gene,Alan,42,Male
302,Alana,Erickson,33,Female
319,Sheila,McDonald,35,Female
322,Marvin,Horn,39,Male
334,Cammy,Spencer,42,Female
342,Julia,Mack,34,Female
348,Raymond,Ratta,35,Male
351,Elizabeth,Every,32,Female
356,Emma,Dole,27,Female
358,Hanah,Pettit,28,Female
361,Kacey,Jamboree,32,Female
373,Roberta,Merit,45,Female
388,Julianne,Smith,48,Female
391,Bob,Dean,45,Male
407,Alan ,Dina,42,Male
414,Alison,Stein,41,Female
422,Nellie,Grayson,32,Female
433,Jane,Grover,50,Female
446,Jason,Meijur,42,Male
451,Lynda,Myers,57,Female
462,Sherry,Netter,32,Female
477,Alyssa,Johns,34,Female
484,Teresa,Cooker,24,Female
494,Dolly,Heins,29,Female
503,James,Paul,29,Male
512,Kelsea,Daly,37,Female
528,Ethan,Clansey,24,Male
533,Clarissa,Clark,34,Female
546,Tessa,Fryers,31,Female
553,Tiarra,Lyons,21,Female
567,Alaina,Sanderson,44,Female
578,Belinda,Briceson,47,Female
583,Kari,Stacey,48,Female
595,Stacy,Barker,22,Female
603,Riley,Moore,51,Male
613,Jolie,Ash,53,Female
627,Samuel,Pinot,55,Male
631,Georgia,Johnson,36,Female
648,Emilia,Loyd,20,Female
655,Charles,Dennison,30,Male
668,Sylvia,Norris,59,Female
679,Cora,Laramee,23,Female
684,Emma,Zimmerman,26,Female
685,Diane,Becker,40,Female
686,Mary,Jones,38,Female
687,Kelley,Heathers,30,Female
689,Jillian,Mason,38,Female
692,Rasha,Alexander,29,Female
693,Penny,Feinstein,46,Female
694,Kristi,Cheney,40,Female
695,Richard,Garrison,43,Male
696,Brice,Legg,56,Male
698,Hilda,Bar,21,Female
699,Maria,Grail,25,Female
700,Margaret,Chaswell,31,Female
702,Cindy,Blume,58,Female
703,Terry,Wallaby,28,Male
705,Rachelle,Eduardo,60,Female
